{
  "timestamp": "2025-10-31 10:04:55.511320",
  "status": {},
  "trades": [],
  "trust": {
    "EURUSD": 0.5,
    "GBPUSD": 0.5,
    "USDJPY": 0.5,
    "AUDUSD": 0.5,
    "AUDUSD-ECNc": 0.347755419067095,
    "EURUSD-ECNc": 0.347755419067095,
    "GBPUSD-ECNc": 0.4509109589500001,
    "UK100.s": 0.42014845000000006,
    "NAS100.s": 0.39838594105,
    "XAUUSD-ECNc": 0.405
  }
}