{
  "trust": {
    "EURUSD": 0.5,
    "GBPUSD": 0.5,
    "USDJPY": 0.5,
    "AUDUSD": 0.5,
    "AUDUSD-ECNc": 0.17291508777405035,
    "EURUSD-ECNc": 0.3982449192086224,
    "GBPUSD-ECNc": 0.4385673645630884,
    "UK100.s": 0.23706783309547405,
    "NAS100.s": 0.22803759955185177,
    "XAUUSD-ECNc": 0.4196205,
    "HK50.s": 0.38084360500000003,
    "USDJPY-ECNc": 0.35710177995
  },
  "timestamp": 1761936047.0125844
}